Company Name,Phone Number,Website Link
"IRF Car Rental LTD","+23054295210",https://irfcarrentalltd.hyrento.com
"TITAN CAR RENTALS GOA","+917030525563",https://titancarrentalsgoa.hyrento.com
"Urban Ride Car Rental Co.","+971501261521",https://urbanridecarrentalco.hyrento.com
"Splash Car Holiday","+23057727994",https://splashcarholiday.hyrento.com
"Rental Panda","+34641161607",https://rentalpanda.hyrento.com
"Mallorca Car Hire Company","+34627294626",https://mallorcacarhirecompany.hyrento.com
"Badsha car rental Goa","+918600129608",https://badshacarrentalgoa.hyrento.com
"Self Drive Car Rental Goa","+919175887187",https://selfdrivecarrentalgoa.hyrento.com
"Mallorca Rental & Excursions","+34613600572",https://mallorcarentalexcursions.hyrento.com
"Greenrent.ch","+41788605820",https://greenrentch.hyrento.com
"(Cars4you)Margao Self Drive Car Rental","+919682933407",https://margaoselfdrivecarrental.hyrento.com
"Deluxe Car Rental Goa","+919922657357",https://deluxecarrentalgoa.hyrento.com
"Self Drive Car Rental in Goa","+919104912661",https://selfdrivecarrentalingoa.hyrento.com
"Bon Plan Voyage Car Rental","+23057608332",https://bonplanvoyagecarrental.hyrento.com
"Nad's Car Rental","+23052538355",https://nadscarrental.hyrento.com
"Pleasure Drive Ltd -Car rental/ Location Voiture Mauritius","+23052553669",https://pleasuredriveltd.hyrento.com
"Ambrose Car Rental","+23052520195",https://ambrosecarrental.hyrento.com
"Cheapest car rental","+23059255425",https://cheapestcarrental.hyrento.com
"Sunset Drive ( Mauritius) Car Rental (Flic en Flac)","+23055008028",https://sunsetdrivecarrental.hyrento.com
"Le Morne Travel Ltd Car Rental Company","+23058014692",https://lemornetravelltd.hyrento.com
"Victoria Car Rental","+23059206432",https://victoriacarrental.hyrento.com
"KLS Car Rental","+23055007555",https://klscarrental.hyrento.com
"Albion Car Rental Mauritius","+23057595808",https://albioncarrental.hyrento.com
"MAUHIRE Mauritius Car Rental","+23057688168",https://mauhirecarrental.hyrento.com
"YAHWEH CAR RENTAL","+23057648053",https://yahwehcarrental.hyrento.com
"Yoyo Car Rental","+230123456",https://yoyocarrental.hyrento.com
