Phone,Company Name,Country,Address,Website
+23054295210,IRF Car Rental LTD,Mauritius,"Grand Bel Air, Mauritius",https://www.irfcarrentalltd.com/
+917030525563,TITAN CAR RENTALS GOA,India,"Davorlim, Margao, Goa",
+971501261521,Urban Ride Car Rental Co.,United Arab Emirates,"BUSINESS BAY, TAMANI ARTS BUILDING OFFICE NO. 540",
+23057727994,Splash Car Holiday,Mauritius,"Plaine Magnien, Mauritius",http://www.splashcarholiday.com/
+34641161607,Rental Panda,Spain,,http://www.rentalpanda.es/
+34627294626,Mallorca Car Hire Company,Spain,"Palma, Spain",https://www.mallorcacarhirecompany.com/
+918600129608,Badsha car rental Goa,India,"Panaji, Goa",https://badsha-car-rental.grexa.site/
+919175887187,Self Drive Car Rental Goa,India,"Salcete, Davorlim, Goa",https://selfdrivecarrentalgoa.com/
+34613600572,Mallorca Rental & Excursions,Spain,"Palma, Spain",https://mallorcarentalexcursions.com/
+41788605820,Greenrent.ch,Switzerland,"Grand-Saconnex, Switzerland",http://greenrent.ch/
+919682933407,(Cars4you)Margao Self Drive Car Rental,India,"Margao, Goa",https://car4yougoa.in/?utm_source=gmb&utm_medium=referral
+919922657357,Deluxe Car Rental Goa,India,"Margao, Goa",https://www.deluxecarrentalgoa.com/
+919104912661,Self Drive Car Rental in Goa,India,"Sancoale, Dabolim, Goa",https://goaselfdrivecars.in/
+23057608332,Bon Plan Voyage Car Rental,Mauritius,"Flic en Flac, Mauritius",http://www.sunrisedestination.com/
+23052538355,Nad's Car Rental,Mauritius,"Triolet, Mauritius",https://carhiremru.com/
+23052553669,Pleasure Drive Ltd -Car rental/ Location Voiture Mauritius,Mauritius,Forbach road Mapou MU,http://www.pleasuredriveltd.com/
+23052520195,Ambrose Car Rental,Mauritius,"Grand Baie, Mauritius",https://www.getgoingmauritius.com/
+23059255425,Cheapest car rental,Mauritius,,https://rentalmauritius.live/
+23055008028,Sunset Drive ( Mauritius) Car Rental (Flic en Flac),Mauritius,"Flic en Flac, Mauritius",
+23058014692,Le Morne Travel Ltd Car Rental Company,Mauritius,"Le Morne, Mauritius",https://lemornetravel.wordpress.com/
+23059206432,Victoria Car Rental,Mauritius,"Pointe aux Piments, Mauritius",https://wa.me/c/23059206432
+23055007555,KLS Car Rental,Mauritius,"Lalmatie, Mauritius",https://www.klscarrental.com/
+23057595808,Albion Car Rental Mauritius,Mauritius,"Albion, Mauritius",
+23057688168,MAUHIRE Mauritius Car Rental,Mauritius,"Plaine Magnien, Mauritius",http://mauhire.com/
+23057648053,YAHWEH CAR RENTAL,Mauritius,"in Le flammant, Chemin Le Flamant Muguet Road MU",http://yahwehcars.com/